split,r2,rmse,mae
train,0.7289505483774568,956.0001364590399,786.1065124511719
valid,0.6516278071864675,1168.0571931589661,932.7069393382352
