split,r2,rmse,mae
train,0.29166368015152544,1545.4446062785935,1242.7295684282785
valid,0.31933314273690505,1632.71231864685,1234.1840500078915
