split,r2,rmse,mae
train,0.4594349066709382,1350.0743517392011,1083.7332939240896
valid,0.5402008336915094,1341.9194784891424,1129.5078120845778
