split,r2,rmse,mae
train,0.743515399917837,929.9601414657908,735.0634237362258
valid,0.6083979348392192,1238.4111510156713,881.7122415643611
